{
  "utilization": {
    "24": {
      "0": 0.5,
      "1": 0.5
    },
    "25": {
      "0": 0.5,
      "1": 0.5
    },
    "26": {
      "0": 0.5,
      "1": 0.5
    },
    "27": {
      "0": 0.5,
      "1": 0.5
    }
  },
  "entropy": {
    "24": 0.6928171515464783,
    "25": 0.6928449273109436,
    "26": 0.6926883459091187,
    "27": 0.6926133632659912
  },
  "cv": {
    "24": 0.0,
    "25": 0.0,
    "26": 0.0,
    "27": 0.0
  }
}