{
  "utilization": {
    "24": {
      "0": 0.5,
      "1": 0.5
    },
    "25": {
      "0": 0.5,
      "1": 0.5
    },
    "26": {
      "0": 0.5,
      "1": 0.5
    },
    "27": {
      "0": 0.5,
      "1": 0.5
    }
  },
  "entropy": {
    "24": 0.6928131580352783,
    "25": 0.6928403377532959,
    "26": 0.692706286907196,
    "27": 0.692594587802887
  },
  "cv": {
    "24": 0.0,
    "25": 0.0,
    "26": 0.0,
    "27": 0.0
  }
}