{
  "utilization": {
    "24": {
      "0": 0.01020263671875,
      "1": 0.495009765625,
      "2": 0.49478759765625
    },
    "25": {
      "0": 0.28580810546875,
      "1": 0.4995361328125,
      "2": 0.21465576171875
    },
    "26": {
      "0": 0.4993701171875,
      "1": 0.00063232421875,
      "2": 0.49999755859375
    },
    "27": {
      "0": 0.198056640625,
      "1": 0.3234619140625,
      "2": 0.4784814453125
    }
  },
  "entropy": {
    "24": 1.0980300903320312,
    "25": 1.0969983339309692,
    "26": 1.095550537109375,
    "27": 1.096257209777832
  },
  "cv": {
    "24": 0.6854637743628224,
    "25": 0.36317922783094525,
    "26": 0.7057658373146556,
    "27": 0.34408662972996545
  }
}