{
  "utilization": {
    "24": {
      "0": 0.24638916015625,
      "1": 0.2585009765625,
      "2": 0.23913818359375,
      "3": 0.2559716796875
    },
    "25": {
      "0": 0.26480224609375,
      "1": 0.2511474609375,
      "2": 0.242529296875,
      "3": 0.24152099609375
    },
    "26": {
      "0": 0.23697509765625,
      "1": 0.26047607421875,
      "2": 0.24798583984375,
      "3": 0.25456298828125
    },
    "27": {
      "0": 0.25019287109375,
      "1": 0.2760009765625,
      "2": 0.2447314453125,
      "3": 0.22907470703125
    }
  },
  "entropy": {
    "24": 1.3861483335494995,
    "25": 1.3861486911773682,
    "26": 1.3859968185424805,
    "27": 1.3860290050506592
  },
  "cv": {
    "24": 0.030915677629744325,
    "25": 0.03731638077022551,
    "26": 0.03488689813043477,
    "27": 0.06757850355803022
  }
}