{
  "utilization": {
    "24": {
      "0": 7.32421875e-06,
      "1": 0.03483154296875,
      "2": 0.49427978515625,
      "3": 0.47088134765625
    },
    "25": {
      "0": 0.49052734375,
      "1": 0.0,
      "2": 0.011318359375,
      "3": 0.498154296875
    },
    "26": {
      "0": 4.8828125e-06,
      "1": 0.49999267578125,
      "2": 4.638671875e-05,
      "3": 0.4999560546875
    },
    "27": {
      "0": 0.43987060546875,
      "1": 0.31166015625,
      "2": 0.24000244140625,
      "3": 0.008466796875
    }
  },
  "entropy": {
    "24": 1.3847436904907227,
    "25": 1.3801122903823853,
    "26": 1.3819836378097534,
    "27": 1.3832252025604248
  },
  "cv": {
    "24": 0.9322123921594325,
    "25": 0.9775538526759494,
    "26": 0.9998974640014929,
    "27": 0.6270281048868612
  }
}