{
  "utilization": {
    "24": {
      "0": 0.01339111328125,
      "1": 0.49300048828125,
      "2": 0.4936083984375
    },
    "25": {
      "0": 0.2882958984375,
      "1": 0.499677734375,
      "2": 0.2120263671875
    },
    "26": {
      "0": 0.4996044921875,
      "1": 0.000400390625,
      "2": 0.4999951171875
    },
    "27": {
      "0": 0.20195068359375,
      "1": 0.3194775390625,
      "2": 0.47857177734375
    }
  },
  "entropy": {
    "24": 1.0980486869812012,
    "25": 1.0970582962036133,
    "26": 1.095468282699585,
    "27": 1.0962473154067993
  },
  "cv": {
    "24": 0.6787003485379154,
    "25": 0.3650241512643251,
    "26": 0.7062575864468803,
    "27": 0.3400628881811567
  }
}