{
  "utilization": {
    "24": {
      "0": 7.32421875e-06,
      "1": 0.02823486328125,
      "2": 0.4946337890625,
      "3": 0.4771240234375
    },
    "25": {
      "0": 0.49098388671875,
      "1": 0.0,
      "2": 0.0109619140625,
      "3": 0.49805419921875
    },
    "26": {
      "0": 4.8828125e-06,
      "1": 0.49999755859375,
      "2": 5.859375e-05,
      "3": 0.49993896484375
    },
    "27": {
      "0": 0.44025146484375,
      "1": 0.31255126953125,
      "2": 0.23883056640625,
      "3": 0.00836669921875
    }
  },
  "entropy": {
    "24": 1.3846889734268188,
    "25": 1.3799231052398682,
    "26": 1.3818621635437012,
    "27": 1.38319993019104
  },
  "cv": {
    "24": 0.9446843421623307,
    "25": 0.978250123305475,
    "26": 0.9998730531938945,
    "27": 0.6280754396994391
  }
}