{
  "utilization": {
    "24": {
      "0": 0.33640869140625,
      "1": 0.3233935546875,
      "2": 0.34019775390625
    },
    "25": {
      "0": 0.3324169921875,
      "1": 0.33337646484375,
      "2": 0.33420654296875
    },
    "26": {
      "0": 0.33874755859375,
      "1": 0.32826171875,
      "2": 0.33299072265625
    },
    "27": {
      "0": 0.3427490234375,
      "1": 0.3386181640625,
      "2": 0.3186328125
    }
  },
  "entropy": {
    "24": 1.098441243171692,
    "25": 1.0984405279159546,
    "26": 1.0983387231826782,
    "27": 1.098341941833496
  },
  "cv": {
    "24": 0.021590087767772072,
    "25": 0.0021936520850781315,
    "26": 0.012863027450230937,
    "27": 0.03159224440008568
  }
}