{
  "utilization": {
    "24": {
      "0": 0.24576904296875,
      "1": 0.2518017578125,
      "2": 0.245068359375,
      "3": 0.25736083984375
    },
    "25": {
      "0": 0.2607373046875,
      "1": 0.25135986328125,
      "2": 0.244150390625,
      "3": 0.24375244140625
    },
    "26": {
      "0": 0.239169921875,
      "1": 0.26261474609375,
      "2": 0.2534326171875,
      "3": 0.24478271484375
    },
    "27": {
      "0": 0.24719482421875,
      "1": 0.28431640625,
      "2": 0.23241455078125,
      "3": 0.23607421875
    }
  },
  "entropy": {
    "24": 1.3861464262008667,
    "25": 1.3861476182937622,
    "26": 1.3859928846359253,
    "27": 1.3860293626785278
  },
  "cv": {
    "24": 0.019965006493830862,
    "25": 0.02759629383220356,
    "26": 0.035520435603237296,
    "27": 0.0821866207293337
  }
}