{
  "utilization": {
    "24": {
      "0": 0.33302734375,
      "1": 0.332490234375,
      "2": 0.334482421875
    },
    "25": {
      "0": 0.33537109375,
      "1": 0.33181884765625,
      "2": 0.33281005859375
    },
    "26": {
      "0": 0.33251220703125,
      "1": 0.329755859375,
      "2": 0.33773193359375
    },
    "27": {
      "0": 0.34162353515625,
      "1": 0.337509765625,
      "2": 0.32086669921875
    }
  },
  "entropy": {
    "24": 1.0984272956848145,
    "25": 1.0984286069869995,
    "26": 1.0983210802078247,
    "27": 1.0983269214630127
  },
  "cv": {
    "24": 0.0025247870931471615,
    "25": 0.0044899724391949366,
    "26": 0.009922739426811046,
    "27": 0.026921385501035785
  }
}